date,name,value,source
1973-01-31,Benchmark EAFE Indexes,0.007276261,Faber / BBG
1973-02-28,Benchmark EAFE Indexes,0.005503391,Faber / BBG
1973-03-30,Benchmark EAFE Indexes,-0.000717487,Faber / BBG
1973-04-30,Benchmark EAFE Indexes,-0.012684328,Faber / BBG
1973-05-31,Benchmark EAFE Indexes,0.033453464,Faber / BBG
1973-06-29,Benchmark EAFE Indexes,0.002650622,Faber / BBG
1973-07-31,Benchmark EAFE Indexes,0.067414615,Faber / BBG
1973-08-31,Benchmark EAFE Indexes,-0.015752534,Faber / BBG
1973-09-28,Benchmark EAFE Indexes,0.008206582,Faber / BBG
1973-10-31,Benchmark EAFE Indexes,-0.005369734,Faber / BBG
1973-11-30,Benchmark EAFE Indexes,-0.054657514,Faber / BBG
1973-12-31,Benchmark EAFE Indexes,0.013366337,Faber / BBG
1974-01-31,Benchmark EAFE Indexes,0.028309311,Faber / BBG
1974-02-28,Benchmark EAFE Indexes,0.015343089,Faber / BBG
1974-03-29,Benchmark EAFE Indexes,-0.045202668,Faber / BBG
1974-04-30,Benchmark EAFE Indexes,-0.026933726,Faber / BBG
1974-05-31,Benchmark EAFE Indexes,-0.035256311,Faber / BBG
1974-06-28,Benchmark EAFE Indexes,-0.004756096,Faber / BBG
1974-07-31,Benchmark EAFE Indexes,0.023596074,Faber / BBG
1974-08-30,Benchmark EAFE Indexes,-0.078373551,Faber / BBG
1974-09-30,Benchmark EAFE Indexes,0.009210737,Faber / BBG
1974-10-31,Benchmark EAFE Indexes,0.071830453,Faber / BBG
1974-11-29,Benchmark EAFE Indexes,-0.008910487,Faber / BBG
1974-12-31,Benchmark EAFE Indexes,-0.038044078,Faber / BBG
1975-01-31,Benchmark EAFE Indexes,0.091101171,Faber / BBG
1975-02-28,Benchmark EAFE Indexes,0.016521633,Faber / BBG
1975-03-31,Benchmark EAFE Indexes,0.028968653,Faber / BBG
1975-04-30,Benchmark EAFE Indexes,0.000202721,Faber / BBG
1975-05-30,Benchmark EAFE Indexes,0.018914884,Faber / BBG
1975-06-30,Benchmark EAFE Indexes,0.020781286,Faber / BBG
1975-07-31,Benchmark EAFE Indexes,-0.015125004,Faber / BBG
1975-08-29,Benchmark EAFE Indexes,0.007044963,Faber / BBG
1975-09-30,Benchmark EAFE Indexes,-0.034692898,Faber / BBG
1975-10-31,Benchmark EAFE Indexes,0.024656602,Faber / BBG
1975-11-28,Benchmark EAFE Indexes,0.011532291,Faber / BBG
1975-12-31,Benchmark EAFE Indexes,0.017480495,Faber / BBG
1976-01-30,Benchmark EAFE Indexes,0.055318679,Faber / BBG
1976-02-27,Benchmark EAFE Indexes,0.017091071,Faber / BBG
1976-03-31,Benchmark EAFE Indexes,0.004908686,Faber / BBG
1976-04-30,Benchmark EAFE Indexes,0.007405385,Faber / BBG
1976-05-31,Benchmark EAFE Indexes,-0.010793366,Faber / BBG
1976-06-30,Benchmark EAFE Indexes,0.014721969,Faber / BBG
1976-07-30,Benchmark EAFE Indexes,-0.012188215,Faber / BBG
1976-08-31,Benchmark EAFE Indexes,0.005433515,Faber / BBG
1976-09-30,Benchmark EAFE Indexes,-0.003988718,Faber / BBG
1976-10-29,Benchmark EAFE Indexes,-0.01160378,Faber / BBG
1976-11-30,Benchmark EAFE Indexes,0.02145465,Faber / BBG
1976-12-31,Benchmark EAFE Indexes,0.065660402,Faber / BBG
1977-01-31,Benchmark EAFE Indexes,-0.014555934,Faber / BBG
1977-02-28,Benchmark EAFE Indexes,-2.95E-05,Faber / BBG
1977-03-31,Benchmark EAFE Indexes,0.008520067,Faber / BBG
1977-04-29,Benchmark EAFE Indexes,0.025927104,Faber / BBG
1977-05-31,Benchmark EAFE Indexes,-0.011838447,Faber / BBG
1977-06-30,Benchmark EAFE Indexes,0.022900316,Faber / BBG
1977-07-29,Benchmark EAFE Indexes,-0.017620351,Faber / BBG
1977-08-31,Benchmark EAFE Indexes,0.014140077,Faber / BBG
1977-09-30,Benchmark EAFE Indexes,0.009379809,Faber / BBG
1977-10-31,Benchmark EAFE Indexes,-8.82E-05,Faber / BBG
1977-11-30,Benchmark EAFE Indexes,0.028413739,Faber / BBG
1977-12-30,Benchmark EAFE Indexes,0.018218763,Faber / BBG
1978-01-31,Benchmark EAFE Indexes,-0.009638108,Faber / BBG
1978-02-28,Benchmark EAFE Indexes,0.003971156,Faber / BBG
1978-03-31,Benchmark EAFE Indexes,0.049893171,Faber / BBG
1978-04-28,Benchmark EAFE Indexes,0.020850578,Faber / BBG
1978-05-31,Benchmark EAFE Indexes,0.018744567,Faber / BBG
1978-06-30,Benchmark EAFE Indexes,-0.016723445,Faber / BBG
1978-07-31,Benchmark EAFE Indexes,0.043200856,Faber / BBG
1978-08-31,Benchmark EAFE Indexes,0.027618889,Faber / BBG
1978-09-29,Benchmark EAFE Indexes,0.019933978,Faber / BBG
1978-10-31,Benchmark EAFE Indexes,-0.024131623,Faber / BBG
1978-11-30,Benchmark EAFE Indexes,-0.009633093,Faber / BBG
1978-12-29,Benchmark EAFE Indexes,0.011305288,Faber / BBG
1979-01-31,Benchmark EAFE Indexes,0.044162894,Faber / BBG
1979-02-28,Benchmark EAFE Indexes,0.002815037,Faber / BBG
1979-03-30,Benchmark EAFE Indexes,0.030763174,Faber / BBG
1979-04-30,Benchmark EAFE Indexes,0.014678995,Faber / BBG
1979-05-31,Benchmark EAFE Indexes,-0.013455162,Faber / BBG
1979-06-29,Benchmark EAFE Indexes,0.036186024,Faber / BBG
1979-07-31,Benchmark EAFE Indexes,0.001082448,Faber / BBG
1979-08-31,Benchmark EAFE Indexes,0.060527346,Faber / BBG
1979-09-28,Benchmark EAFE Indexes,0.009804954,Faber / BBG
1979-10-31,Benchmark EAFE Indexes,-0.072404087,Faber / BBG
1979-11-30,Benchmark EAFE Indexes,0.04403664,Faber / BBG
1979-12-31,Benchmark EAFE Indexes,0.017698865,Faber / BBG
1980-01-31,Benchmark EAFE Indexes,0.040367266,Faber / BBG
1980-02-29,Benchmark EAFE Indexes,-0.01963746,Faber / BBG
1980-03-31,Benchmark EAFE Indexes,-0.095755058,Faber / BBG
1980-04-30,Benchmark EAFE Indexes,0.077465797,Faber / BBG
1980-05-30,Benchmark EAFE Indexes,0.055005367,Faber / BBG
1980-06-30,Benchmark EAFE Indexes,0.045550195,Faber / BBG
1980-07-31,Benchmark EAFE Indexes,0.032236872,Faber / BBG
1980-08-29,Benchmark EAFE Indexes,0.009980583,Faber / BBG
1980-09-30,Benchmark EAFE Indexes,0.018872472,Faber / BBG
1980-10-31,Benchmark EAFE Indexes,0.032062321,Faber / BBG
1980-11-28,Benchmark EAFE Indexes,0.011807485,Faber / BBG
1980-12-31,Benchmark EAFE Indexes,-0.020882274,Faber / BBG
1981-01-30,Benchmark EAFE Indexes,-0.020697786,Faber / BBG
1981-02-27,Benchmark EAFE Indexes,-0.009649036,Faber / BBG
1981-03-31,Benchmark EAFE Indexes,0.033260585,Faber / BBG
1981-04-30,Benchmark EAFE Indexes,-0.005666091,Faber / BBG
1981-05-29,Benchmark EAFE Indexes,-0.008760814,Faber / BBG
1981-06-30,Benchmark EAFE Indexes,-0.004446876,Faber / BBG
1981-07-31,Benchmark EAFE Indexes,-0.004583693,Faber / BBG
1981-08-31,Benchmark EAFE Indexes,-0.029673484,Faber / BBG
1981-09-30,Benchmark EAFE Indexes,-0.044260882,Faber / BBG
1981-10-30,Benchmark EAFE Indexes,0.04134149,Faber / BBG
1981-11-30,Benchmark EAFE Indexes,0.055301059,Faber / BBG
1981-12-31,Benchmark EAFE Indexes,-0.026529123,Faber / BBG
1982-01-29,Benchmark EAFE Indexes,0.010990269,Faber / BBG
1982-02-26,Benchmark EAFE Indexes,-0.028807089,Faber / BBG
1982-03-31,Benchmark EAFE Indexes,-0.000135087,Faber / BBG
1982-04-30,Benchmark EAFE Indexes,0.039291046,Faber / BBG
1982-05-31,Benchmark EAFE Indexes,-0.006137524,Faber / BBG
1982-06-30,Benchmark EAFE Indexes,-0.035883539,Faber / BBG
1982-07-30,Benchmark EAFE Indexes,0.018766047,Faber / BBG
1982-08-31,Benchmark EAFE Indexes,0.049127655,Faber / BBG
1982-09-30,Benchmark EAFE Indexes,0.021568384,Faber / BBG
1982-10-29,Benchmark EAFE Indexes,0.061393986,Faber / BBG
1982-11-30,Benchmark EAFE Indexes,0.039264163,Faber / BBG
1982-12-31,Benchmark EAFE Indexes,0.026445608,Faber / BBG
1983-01-31,Benchmark EAFE Indexes,0.008148979,Faber / BBG
1983-02-28,Benchmark EAFE Indexes,0.021500069,Faber / BBG
1983-03-31,Benchmark EAFE Indexes,0.043010605,Faber / BBG
1983-04-29,Benchmark EAFE Indexes,0.046308187,Faber / BBG
1983-05-31,Benchmark EAFE Indexes,-0.005998745,Faber / BBG
1983-06-30,Benchmark EAFE Indexes,0.013383192,Faber / BBG
1983-07-29,Benchmark EAFE Indexes,-0.008595876,Faber / BBG
1983-08-31,Benchmark EAFE Indexes,0.001547034,Faber / BBG
1983-09-30,Benchmark EAFE Indexes,0.017202192,Faber / BBG
1983-10-31,Benchmark EAFE Indexes,-0.001159186,Faber / BBG
1983-11-30,Benchmark EAFE Indexes,0.015557706,Faber / BBG
1983-12-30,Benchmark EAFE Indexes,0.020238794,Faber / BBG
1984-01-31,Benchmark EAFE Indexes,0.01639845,Faber / BBG
1984-02-29,Benchmark EAFE Indexes,-0.009398043,Faber / BBG
1984-03-30,Benchmark EAFE Indexes,0.030932244,Faber / BBG
1984-04-30,Benchmark EAFE Indexes,-0.002788775,Faber / BBG
1984-05-31,Benchmark EAFE Indexes,-0.041121844,Faber / BBG
1984-06-29,Benchmark EAFE Indexes,0.002310085,Faber / BBG
1984-07-31,Benchmark EAFE Indexes,-0.018912832,Faber / BBG
1984-08-31,Benchmark EAFE Indexes,0.060250687,Faber / BBG
1984-09-28,Benchmark EAFE Indexes,0.01281856,Faber / BBG
1984-10-31,Benchmark EAFE Indexes,0.023263342,Faber / BBG
1984-11-30,Benchmark EAFE Indexes,0.006695443,Faber / BBG
1984-12-31,Benchmark EAFE Indexes,0.010563661,Faber / BBG
1985-01-31,Benchmark EAFE Indexes,0.040638669,Faber / BBG
1985-02-28,Benchmark EAFE Indexes,-0.004447306,Faber / BBG
1985-03-29,Benchmark EAFE Indexes,0.027235497,Faber / BBG
1985-04-30,Benchmark EAFE Indexes,-0.002314679,Faber / BBG
1985-05-31,Benchmark EAFE Indexes,0.042115646,Faber / BBG
1985-06-28,Benchmark EAFE Indexes,0.009907134,Faber / BBG
1985-07-31,Benchmark EAFE Indexes,0.006386333,Faber / BBG
1985-08-30,Benchmark EAFE Indexes,0.002311483,Faber / BBG
1985-09-30,Benchmark EAFE Indexes,0.012104888,Faber / BBG
1985-10-31,Benchmark EAFE Indexes,0.049771195,Faber / BBG
1985-11-29,Benchmark EAFE Indexes,0.030780398,Faber / BBG
1985-12-31,Benchmark EAFE Indexes,0.02865455,Faber / BBG
1986-01-31,Benchmark EAFE Indexes,-0.003603147,Faber / BBG
1986-02-28,Benchmark EAFE Indexes,0.054013594,Faber / BBG
1986-03-31,Benchmark EAFE Indexes,0.058785587,Faber / BBG
1986-04-30,Benchmark EAFE Indexes,0.024541723,Faber / BBG
1986-05-30,Benchmark EAFE Indexes,-0.015233306,Faber / BBG
1986-06-30,Benchmark EAFE Indexes,0.043656226,Faber / BBG
1986-07-31,Benchmark EAFE Indexes,0.007271372,Faber / BBG
1986-08-29,Benchmark EAFE Indexes,0.06798383,Faber / BBG
1986-09-30,Benchmark EAFE Indexes,-0.032814686,Faber / BBG
1986-10-31,Benchmark EAFE Indexes,0.004377537,Faber / BBG
1986-11-28,Benchmark EAFE Indexes,0.026752801,Faber / BBG
1986-12-31,Benchmark EAFE Indexes,0.005684685,Faber / BBG
1987-01-30,Benchmark EAFE Indexes,0.065883334,Faber / BBG
1987-02-27,Benchmark EAFE Indexes,0.009598865,Faber / BBG
1987-03-31,Benchmark EAFE Indexes,0.036002441,Faber / BBG
1987-04-30,Benchmark EAFE Indexes,0.018860511,Faber / BBG
1987-05-29,Benchmark EAFE Indexes,0.007364046,Faber / BBG
1987-06-30,Benchmark EAFE Indexes,0.016487318,Faber / BBG
1987-07-31,Benchmark EAFE Indexes,0.018506957,Faber / BBG
1987-08-31,Benchmark EAFE Indexes,0.015090316,Faber / BBG
1987-09-30,Benchmark EAFE Indexes,-0.015625092,Faber / BBG
1987-10-30,Benchmark EAFE Indexes,-0.095424114,Faber / BBG
1987-11-30,Benchmark EAFE Indexes,-0.012642566,Faber / BBG
1987-12-31,Benchmark EAFE Indexes,0.02345444,Faber / BBG
1988-01-29,Benchmark EAFE Indexes,0.043011624,Faber / BBG
1988-02-29,Benchmark EAFE Indexes,0.02794245,Faber / BBG
1988-03-31,Benchmark EAFE Indexes,0.012293963,Faber / BBG
1988-04-29,Benchmark EAFE Indexes,0.010675419,Faber / BBG
1988-05-31,Benchmark EAFE Indexes,-0.002875218,Faber / BBG
1988-06-30,Benchmark EAFE Indexes,0.009152123,Faber / BBG
1988-07-29,Benchmark EAFE Indexes,0.007063779,Faber / BBG
1988-08-31,Benchmark EAFE Indexes,-0.022793763,Faber / BBG
1988-09-30,Benchmark EAFE Indexes,0.017111989,Faber / BBG
1988-10-31,Benchmark EAFE Indexes,0.0351046,Faber / BBG
1988-11-30,Benchmark EAFE Indexes,0.014281806,Faber / BBG
1988-12-30,Benchmark EAFE Indexes,0.020481888,Faber / BBG
1989-01-31,Benchmark EAFE Indexes,0.023244594,Faber / BBG
1989-02-28,Benchmark EAFE Indexes,-0.001489816,Faber / BBG
1989-03-31,Benchmark EAFE Indexes,0.016600143,Faber / BBG
1989-04-28,Benchmark EAFE Indexes,0.027564311,Faber / BBG
1989-05-31,Benchmark EAFE Indexes,0.007008683,Faber / BBG
1989-06-30,Benchmark EAFE Indexes,0.013189904,Faber / BBG
1989-07-31,Benchmark EAFE Indexes,0.044906451,Faber / BBG
1989-08-31,Benchmark EAFE Indexes,-0.001310309,Faber / BBG
1989-09-29,Benchmark EAFE Indexes,0.018131086,Faber / BBG
1989-10-31,Benchmark EAFE Indexes,-0.014911464,Faber / BBG
1989-11-30,Benchmark EAFE Indexes,0.017197521,Faber / BBG
1989-12-29,Benchmark EAFE Indexes,0.030260776,Faber / BBG
1990-01-31,Benchmark EAFE Indexes,-0.031347567,Faber / BBG
1990-02-28,Benchmark EAFE Indexes,-0.018682224,Faber / BBG
1990-03-30,Benchmark EAFE Indexes,-0.01284371,Faber / BBG
1990-04-30,Benchmark EAFE Indexes,-0.01554413,Faber / BBG
1990-05-31,Benchmark EAFE Indexes,0.045806028,Faber / BBG
1990-06-29,Benchmark EAFE Indexes,-0.000897787,Faber / BBG
1990-07-31,Benchmark EAFE Indexes,0.017506846,Faber / BBG
1990-08-31,Benchmark EAFE Indexes,-0.017806444,Faber / BBG
1990-09-28,Benchmark EAFE Indexes,0.014923428,Faber / BBG
1990-10-31,Benchmark EAFE Indexes,0.001038016,Faber / BBG
1990-11-30,Benchmark EAFE Indexes,0.000375202,Faber / BBG
1990-12-31,Benchmark EAFE Indexes,0.00682086,Faber / BBG
1991-01-31,Benchmark EAFE Indexes,0.016140353,Faber / BBG
1991-02-28,Benchmark EAFE Indexes,0.050927212,Faber / BBG
1991-03-29,Benchmark EAFE Indexes,0.015929803,Faber / BBG
1991-04-30,Benchmark EAFE Indexes,0.01357744,Faber / BBG
1991-05-31,Benchmark EAFE Indexes,0.017305178,Faber / BBG
1991-06-28,Benchmark EAFE Indexes,-0.035295637,Faber / BBG
1991-07-31,Benchmark EAFE Indexes,0.034635875,Faber / BBG
1991-08-30,Benchmark EAFE Indexes,0.010337217,Faber / BBG
1991-09-30,Benchmark EAFE Indexes,0.018592513,Faber / BBG
1991-10-31,Benchmark EAFE Indexes,0.010626395,Faber / BBG
1991-11-29,Benchmark EAFE Indexes,-0.022290979,Faber / BBG
1991-12-31,Benchmark EAFE Indexes,0.042560757,Faber / BBG
1992-01-31,Benchmark EAFE Indexes,0.00033464,Faber / BBG
1992-02-28,Benchmark EAFE Indexes,-0.009868465,Faber / BBG
1992-03-31,Benchmark EAFE Indexes,-0.019623584,Faber / BBG
1992-04-30,Benchmark EAFE Indexes,0.013949445,Faber / BBG
1992-05-29,Benchmark EAFE Indexes,0.030574806,Faber / BBG
1992-06-30,Benchmark EAFE Indexes,-0.011542629,Faber / BBG
1992-07-31,Benchmark EAFE Indexes,0.014901006,Faber / BBG
1992-08-31,Benchmark EAFE Indexes,0.007751251,Faber / BBG
1992-09-30,Benchmark EAFE Indexes,0.011039365,Faber / BBG
1992-10-30,Benchmark EAFE Indexes,-0.019047588,Faber / BBG
1992-11-30,Benchmark EAFE Indexes,0.008973973,Faber / BBG
1992-12-31,Benchmark EAFE Indexes,0.013069104,Faber / BBG
1993-01-29,Benchmark EAFE Indexes,0.022531841,Faber / BBG
1993-02-26,Benchmark EAFE Indexes,0.027183994,Faber / BBG
1993-03-31,Benchmark EAFE Indexes,0.041150055,Faber / BBG
1993-04-30,Benchmark EAFE Indexes,0.003964004,Faber / BBG
1993-05-31,Benchmark EAFE Indexes,0.001354631,Faber / BBG
1993-06-30,Benchmark EAFE Indexes,0.003647448,Faber / BBG
1993-07-30,Benchmark EAFE Indexes,0.009698225,Faber / BBG
1993-08-31,Benchmark EAFE Indexes,0.032846129,Faber / BBG
1993-09-30,Benchmark EAFE Indexes,0.005006689,Faber / BBG
1993-10-29,Benchmark EAFE Indexes,0.002533598,Faber / BBG
1993-11-30,Benchmark EAFE Indexes,-0.045522047,Faber / BBG
1993-12-31,Benchmark EAFE Indexes,0.016582066,Faber / BBG
1994-01-31,Benchmark EAFE Indexes,0.048941445,Faber / BBG
1994-02-28,Benchmark EAFE Indexes,-0.009118322,Faber / BBG
1994-03-31,Benchmark EAFE Indexes,-0.035353198,Faber / BBG
1994-04-29,Benchmark EAFE Indexes,0.017197867,Faber / BBG
1994-05-31,Benchmark EAFE Indexes,0.008932632,Faber / BBG
1994-06-30,Benchmark EAFE Indexes,-0.002038903,Faber / BBG
1994-07-29,Benchmark EAFE Indexes,0.015416026,Faber / BBG
1994-08-31,Benchmark EAFE Indexes,-0.000388305,Faber / BBG
1994-09-30,Benchmark EAFE Indexes,-0.021832244,Faber / BBG
1994-10-31,Benchmark EAFE Indexes,0.003949783,Faber / BBG
1994-11-30,Benchmark EAFE Indexes,-0.030870457,Faber / BBG
1994-12-30,Benchmark EAFE Indexes,0.025323619,Faber / BBG
1995-01-31,Benchmark EAFE Indexes,-0.005674362,Faber / BBG
1995-02-28,Benchmark EAFE Indexes,0.022331785,Faber / BBG
1995-03-31,Benchmark EAFE Indexes,0.021110705,Faber / BBG
1995-04-28,Benchmark EAFE Indexes,0.023047875,Faber / BBG
1995-05-31,Benchmark EAFE Indexes,0.026058273,Faber / BBG
1995-06-30,Benchmark EAFE Indexes,0.004321911,Faber / BBG
1995-07-31,Benchmark EAFE Indexes,0.024252613,Faber / BBG
1995-08-31,Benchmark EAFE Indexes,0.003754404,Faber / BBG
1995-09-29,Benchmark EAFE Indexes,0.020208531,Faber / BBG
1995-10-31,Benchmark EAFE Indexes,-0.004300708,Faber / BBG
1995-11-30,Benchmark EAFE Indexes,0.027444167,Faber / BBG
1995-12-29,Benchmark EAFE Indexes,0.045227312,Faber / BBG
1996-01-31,Benchmark EAFE Indexes,0.011903504,Faber / BBG
1996-02-29,Benchmark EAFE Indexes,0.005268178,Faber / BBG
1996-03-29,Benchmark EAFE Indexes,0.017240369,Faber / BBG
1996-04-30,Benchmark EAFE Indexes,0.018570008,Faber / BBG
1996-05-31,Benchmark EAFE Indexes,0.003777729,Faber / BBG
1996-06-28,Benchmark EAFE Indexes,0.015713024,Faber / BBG
1996-07-31,Benchmark EAFE Indexes,-0.023399586,Faber / BBG
1996-08-30,Benchmark EAFE Indexes,0.01910235,Faber / BBG
1996-09-30,Benchmark EAFE Indexes,0.032019794,Faber / BBG
1996-10-31,Benchmark EAFE Indexes,0.015449668,Faber / BBG
1996-11-29,Benchmark EAFE Indexes,0.055950456,Faber / BBG
1996-12-31,Benchmark EAFE Indexes,0.012719497,Faber / BBG
1997-01-31,Benchmark EAFE Indexes,0.00456543,Faber / BBG
1997-02-28,Benchmark EAFE Indexes,-0.007929433,Faber / BBG
1997-03-31,Benchmark EAFE Indexes,-0.010884119,Faber / BBG
1997-04-30,Benchmark EAFE Indexes,0.017373478,Faber / BBG
1997-05-30,Benchmark EAFE Indexes,0.035626333,Faber / BBG
1997-06-30,Benchmark EAFE Indexes,0.023877477,Faber / BBG
1997-07-31,Benchmark EAFE Indexes,0.042680178,Faber / BBG
1997-08-29,Benchmark EAFE Indexes,-0.027972079,Faber / BBG
1997-09-30,Benchmark EAFE Indexes,0.048385379,Faber / BBG
1997-10-31,Benchmark EAFE Indexes,-0.018061931,Faber / BBG
1997-11-28,Benchmark EAFE Indexes,-0.005413448,Faber / BBG
1997-12-31,Benchmark EAFE Indexes,0.001331016,Faber / BBG
1998-01-30,Benchmark EAFE Indexes,0.011573301,Faber / BBG
1998-02-27,Benchmark EAFE Indexes,0.011068111,Faber / BBG
1998-03-31,Benchmark EAFE Indexes,0.020054156,Faber / BBG
1998-04-30,Benchmark EAFE Indexes,-0.006112218,Faber / BBG
1998-05-29,Benchmark EAFE Indexes,-0.011772723,Faber / BBG
1998-06-30,Benchmark EAFE Indexes,0.006536905,Faber / BBG
1998-07-31,Benchmark EAFE Indexes,-0.024529004,Faber / BBG
1998-08-31,Benchmark EAFE Indexes,-0.081024858,Faber / BBG
1998-09-30,Benchmark EAFE Indexes,0.046330705,Faber / BBG
1998-10-30,Benchmark EAFE Indexes,0.024121297,Faber / BBG
1998-11-30,Benchmark EAFE Indexes,0.009295543,Faber / BBG
1998-12-31,Benchmark EAFE Indexes,0.01836245,Faber / BBG
1999-01-29,Benchmark EAFE Indexes,0.005118887,Faber / BBG
1999-02-26,Benchmark EAFE Indexes,-0.034564906,Faber / BBG
1999-03-31,Benchmark EAFE Indexes,0.051018565,Faber / BBG
1999-04-30,Benchmark EAFE Indexes,0.042542708,Faber / BBG
1999-05-31,Benchmark EAFE Indexes,-0.025341063,Faber / BBG
1999-06-30,Benchmark EAFE Indexes,0.028632188,Faber / BBG
1999-07-30,Benchmark EAFE Indexes,-0.000716858,Faber / BBG
1999-08-31,Benchmark EAFE Indexes,0.011856181,Faber / BBG
1999-09-30,Benchmark EAFE Indexes,0.004450101,Faber / BBG
1999-10-29,Benchmark EAFE Indexes,0.001440546,Faber / BBG
1999-11-30,Benchmark EAFE Indexes,0.016328028,Faber / BBG
1999-12-31,Benchmark EAFE Indexes,0.044087036,Faber / BBG
2000-01-31,Benchmark EAFE Indexes,-0.009975066,Faber / BBG
2000-02-29,Benchmark EAFE Indexes,0.017206994,Faber / BBG
2000-03-31,Benchmark EAFE Indexes,0.036545042,Faber / BBG
2000-04-28,Benchmark EAFE Indexes,-0.006912913,Faber / BBG
2000-05-31,Benchmark EAFE Indexes,0.018516839,Faber / BBG
2000-06-30,Benchmark EAFE Indexes,0.038679314,Faber / BBG
2000-07-31,Benchmark EAFE Indexes,-0.010515649,Faber / BBG
2000-08-31,Benchmark EAFE Indexes,0.044351297,Faber / BBG
2000-09-29,Benchmark EAFE Indexes,-0.014502695,Faber / BBG
2000-10-31,Benchmark EAFE Indexes,-0.011914011,Faber / BBG
2000-11-30,Benchmark EAFE Indexes,0.011410998,Faber / BBG
2000-12-29,Benchmark EAFE Indexes,0.021603116,Faber / BBG
2001-01-31,Benchmark EAFE Indexes,-0.000880293,Faber / BBG
2001-02-28,Benchmark EAFE Indexes,-0.034102338,Faber / BBG
2001-03-30,Benchmark EAFE Indexes,-0.030012044,Faber / BBG
2001-04-30,Benchmark EAFE Indexes,0.037400996,Faber / BBG
2001-05-31,Benchmark EAFE Indexes,-0.005654419,Faber / BBG
2001-06-29,Benchmark EAFE Indexes,-0.012129681,Faber / BBG
2001-07-31,Benchmark EAFE Indexes,-0.002095522,Faber / BBG
2001-08-31,Benchmark EAFE Indexes,-0.002246545,Faber / BBG
2001-09-28,Benchmark EAFE Indexes,-0.056433755,Faber / BBG
2001-10-31,Benchmark EAFE Indexes,-0.000757303,Faber / BBG
2001-11-30,Benchmark EAFE Indexes,0.015733882,Faber / BBG
2001-12-31,Benchmark EAFE Indexes,0.002862103,Faber / BBG
2002-01-31,Benchmark EAFE Indexes,-0.018103407,Faber / BBG
2002-02-28,Benchmark EAFE Indexes,0.013671697,Faber / BBG
2002-03-29,Benchmark EAFE Indexes,0.049884437,Faber / BBG
2002-04-30,Benchmark EAFE Indexes,0.000347848,Faber / BBG
2002-05-31,Benchmark EAFE Indexes,-0.003964311,Faber / BBG
2002-06-28,Benchmark EAFE Indexes,-0.003269275,Faber / BBG
2002-07-31,Benchmark EAFE Indexes,-0.035146981,Faber / BBG
2002-08-30,Benchmark EAFE Indexes,0.021864374,Faber / BBG
2002-09-30,Benchmark EAFE Indexes,-0.023135524,Faber / BBG
2002-10-31,Benchmark EAFE Indexes,-0.005369197,Faber / BBG
2002-11-29,Benchmark EAFE Indexes,0.020791862,Faber / BBG
2002-12-31,Benchmark EAFE Indexes,0.015365168,Faber / BBG
2003-01-31,Benchmark EAFE Indexes,-0.003245325,Faber / BBG
2003-02-28,Benchmark EAFE Indexes,0.027768532,Faber / BBG
2003-03-31,Benchmark EAFE Indexes,-0.033388453,Faber / BBG
2003-04-30,Benchmark EAFE Indexes,0.030948845,Faber / BBG
2003-05-30,Benchmark EAFE Indexes,0.063463413,Faber / BBG
2003-06-30,Benchmark EAFE Indexes,0.011035561,Faber / BBG
2003-07-31,Benchmark EAFE Indexes,0.007228645,Faber / BBG
2003-08-29,Benchmark EAFE Indexes,0.019114478,Faber / BBG
2003-09-30,Benchmark EAFE Indexes,0.010415442,Faber / BBG
2003-10-31,Benchmark EAFE Indexes,0.02870569,Faber / BBG
2003-11-28,Benchmark EAFE Indexes,0.021795788,Faber / BBG
2003-12-31,Benchmark EAFE Indexes,0.04869307,Faber / BBG
2004-01-30,Benchmark EAFE Indexes,0.018398769,Faber / BBG
2004-02-27,Benchmark EAFE Indexes,0.029954756,Faber / BBG
2004-03-31,Benchmark EAFE Indexes,0.016510556,Faber / BBG
2004-04-30,Benchmark EAFE Indexes,-0.043466858,Faber / BBG
2004-05-31,Benchmark EAFE Indexes,0.025769082,Faber / BBG
2004-06-30,Benchmark EAFE Indexes,0.004729091,Faber / BBG
2004-07-30,Benchmark EAFE Indexes,0.006300936,Faber / BBG
2004-08-31,Benchmark EAFE Indexes,0.014900083,Faber / BBG
2004-09-30,Benchmark EAFE Indexes,0.035392942,Faber / BBG
2004-10-29,Benchmark EAFE Indexes,0.030358666,Faber / BBG
2004-11-30,Benchmark EAFE Indexes,0.014387196,Faber / BBG
2004-12-31,Benchmark EAFE Indexes,0.005363308,Faber / BBG
2005-01-31,Benchmark EAFE Indexes,-0.008493992,Faber / BBG
2005-02-28,Benchmark EAFE Indexes,0.027343533,Faber / BBG
2005-03-31,Benchmark EAFE Indexes,0.003609615,Faber / BBG
2005-04-29,Benchmark EAFE Indexes,-0.015874497,Faber / BBG
2005-05-31,Benchmark EAFE Indexes,0.01585162,Faber / BBG
2005-06-30,Benchmark EAFE Indexes,0.026298126,Faber / BBG
2005-07-29,Benchmark EAFE Indexes,0.033405121,Faber / BBG
2005-08-31,Benchmark EAFE Indexes,0.033435963,Faber / BBG
2005-09-30,Benchmark EAFE Indexes,0.005571602,Faber / BBG
2005-10-31,Benchmark EAFE Indexes,-0.042505129,Faber / BBG
2005-11-30,Benchmark EAFE Indexes,0.01320872,Faber / BBG
2005-12-30,Benchmark EAFE Indexes,0.017553734,Faber / BBG
2006-01-31,Benchmark EAFE Indexes,0.038778132,Faber / BBG
2006-02-28,Benchmark EAFE Indexes,-0.016809765,Faber / BBG
2006-03-31,Benchmark EAFE Indexes,0.025593917,Faber / BBG
2006-04-28,Benchmark EAFE Indexes,0.015621838,Faber / BBG
2006-05-31,Benchmark EAFE Indexes,-0.020825709,Faber / BBG
2006-06-30,Benchmark EAFE Indexes,0.013361597,Faber / BBG
2006-07-31,Benchmark EAFE Indexes,0.016853007,Faber / BBG
2006-08-31,Benchmark EAFE Indexes,0.007568397,Faber / BBG
2006-09-29,Benchmark EAFE Indexes,-0.007670512,Faber / BBG
2006-10-31,Benchmark EAFE Indexes,0.026041181,Faber / BBG
2006-11-30,Benchmark EAFE Indexes,0.032402658,Faber / BBG
2006-12-29,Benchmark EAFE Indexes,-0.007797195,Faber / BBG
2007-01-31,Benchmark EAFE Indexes,0.014545092,Faber / BBG
2007-02-28,Benchmark EAFE Indexes,0.004822297,Faber / BBG
2007-03-30,Benchmark EAFE Indexes,0.008019053,Faber / BBG
2007-04-30,Benchmark EAFE Indexes,0.018693681,Faber / BBG
2007-05-31,Benchmark EAFE Indexes,0.004782718,Faber / BBG
2007-06-29,Benchmark EAFE Indexes,-0.015518549,Faber / BBG
2007-07-31,Benchmark EAFE Indexes,-0.00926754,Faber / BBG
2007-08-31,Benchmark EAFE Indexes,0.004272407,Faber / BBG
2007-09-28,Benchmark EAFE Indexes,0.047642944,Faber / BBG
2007-10-31,Benchmark EAFE Indexes,0.036584275,Faber / BBG
2007-11-30,Benchmark EAFE Indexes,-0.029706814,Faber / BBG
2007-12-31,Benchmark EAFE Indexes,-0.000385131,Faber / BBG
2008-01-31,Benchmark EAFE Indexes,-0.02450153,Faber / BBG
2008-02-29,Benchmark EAFE Indexes,0.014813799,Faber / BBG
2008-03-31,Benchmark EAFE Indexes,0.004110483,Faber / BBG
2008-04-30,Benchmark EAFE Indexes,0.044085194,Faber / BBG
2008-05-30,Benchmark EAFE Indexes,0.023038656,Faber / BBG
2008-06-30,Benchmark EAFE Indexes,-0.028696797,Faber / BBG
2008-07-31,Benchmark EAFE Indexes,-0.03460739,Faber / BBG
2008-08-29,Benchmark EAFE Indexes,-0.015118564,Faber / BBG
2008-09-30,Benchmark EAFE Indexes,-0.070598387,Faber / BBG
2008-10-31,Benchmark EAFE Indexes,-0.191953758,Faber / BBG
2008-11-28,Benchmark EAFE Indexes,-0.06334625,Faber / BBG
2008-12-31,Benchmark EAFE Indexes,0.033165248,Faber / BBG
2009-01-30,Benchmark EAFE Indexes,-0.097385056,Faber / BBG
2009-02-27,Benchmark EAFE Indexes,-0.092928397,Faber / BBG
2009-03-31,Benchmark EAFE Indexes,0.053347873,Faber / BBG
2009-04-30,Benchmark EAFE Indexes,0.081390217,Faber / BBG
2009-05-29,Benchmark EAFE Indexes,0.07337754,Faber / BBG
2009-06-30,Benchmark EAFE Indexes,-0.004723437,Faber / BBG
2009-07-31,Benchmark EAFE Indexes,0.055701511,Faber / BBG
2009-08-31,Benchmark EAFE Indexes,0.040751508,Faber / BBG
2009-09-30,Benchmark EAFE Indexes,0.031570169,Faber / BBG
2009-10-30,Benchmark EAFE Indexes,-0.006767053,Faber / BBG
2009-11-30,Benchmark EAFE Indexes,0.037356022,Faber / BBG
2009-12-31,Benchmark EAFE Indexes,0.014443745,Faber / BBG
2010-01-29,Benchmark EAFE Indexes,-0.037002447,Faber / BBG
2010-02-26,Benchmark EAFE Indexes,0.02685385,Faber / BBG
2010-03-31,Benchmark EAFE Indexes,0.044503164,Faber / BBG
2010-04-30,Benchmark EAFE Indexes,0.021787044,Faber / BBG
2010-05-31,Benchmark EAFE Indexes,-0.070235298,Faber / BBG
2010-06-30,Benchmark EAFE Indexes,-0.016116835,Faber / BBG
2010-07-30,Benchmark EAFE Indexes,0.063198856,Faber / BBG
2010-08-31,Benchmark EAFE Indexes,-0.021797989,Faber / BBG
2010-09-30,Benchmark EAFE Indexes,0.0606501,Faber / BBG
2010-10-29,Benchmark EAFE Indexes,0.029569332,Faber / BBG
2010-11-30,Benchmark EAFE Indexes,-0.012909732,Faber / BBG
2010-12-31,Benchmark EAFE Indexes,0.049758076,Faber / BBG
2011-01-31,Benchmark EAFE Indexes,0.023718786,Faber / BBG
2011-02-28,Benchmark EAFE Indexes,0.029504979,Faber / BBG
2011-03-31,Benchmark EAFE Indexes,0.001456442,Faber / BBG
2011-04-29,Benchmark EAFE Indexes,0.039782142,Faber / BBG
2011-05-31,Benchmark EAFE Indexes,-0.016642177,Faber / BBG
2011-06-30,Benchmark EAFE Indexes,-0.02278768,Faber / BBG
2011-07-29,Benchmark EAFE Indexes,0.003560071,Faber / BBG
2011-08-31,Benchmark EAFE Indexes,-0.034429124,Faber / BBG
2011-09-30,Benchmark EAFE Indexes,-0.074537182,Faber / BBG
2011-10-31,Benchmark EAFE Indexes,0.081295985,Faber / BBG
2011-11-30,Benchmark EAFE Indexes,-0.012268867,Faber / BBG
2011-12-30,Benchmark EAFE Indexes,0.008475077,Faber / BBG
2012-01-31,Benchmark EAFE Indexes,0.038838128,Faber / BBG
2012-02-29,Benchmark EAFE Indexes,0.029219452,Faber / BBG
2012-03-30,Benchmark EAFE Indexes,0.007372792,Faber / BBG
2012-04-30,Benchmark EAFE Indexes,0.003211618,Faber / BBG
2012-05-31,Benchmark EAFE Indexes,-0.065185909,Faber / BBG
2012-06-29,Benchmark EAFE Indexes,0.035855369,Faber / BBG
2012-07-31,Benchmark EAFE Indexes,0.023874766,Faber / BBG
2012-08-31,Benchmark EAFE Indexes,0.02219363,Faber / BBG
2012-09-28,Benchmark EAFE Indexes,0.006421679,Faber / BBG
2012-10-31,Benchmark EAFE Indexes,-0.011395599,Faber / BBG
2012-11-30,Benchmark EAFE Indexes,0.009143808,Faber / BBG
2012-12-31,Benchmark EAFE Indexes,0.012738697,Faber / BBG
2013-01-31,Benchmark EAFE Indexes,0.035801237,Faber / BBG
2013-02-28,Benchmark EAFE Indexes,-0.003537818,Faber / BBG
2013-03-29,Benchmark EAFE Indexes,0.018279562,Faber / BBG
2013-04-30,Benchmark EAFE Indexes,0.019452394,Faber / BBG
2013-05-31,Benchmark EAFE Indexes,-0.02195463,Faber / BBG
2013-06-28,Benchmark EAFE Indexes,-0.018650149,Faber / BBG
2013-07-31,Benchmark EAFE Indexes,0.031809454,Faber / BBG
2013-08-30,Benchmark EAFE Indexes,-0.017375104,Faber / BBG
2013-09-30,Benchmark EAFE Indexes,0.024950543,Faber / BBG
2013-10-31,Benchmark EAFE Indexes,0.023988831,Faber / BBG
2013-11-29,Benchmark EAFE Indexes,-0.002967071,Faber / BBG
2013-12-31,Benchmark EAFE Indexes,0.011142444,Faber / BBG
2014-01-31,Benchmark EAFE Indexes,-0.00686346,Faber / BBG
2014-02-28,Benchmark EAFE Indexes,0.039024848,Faber / BBG
2014-03-31,Benchmark EAFE Indexes,2.61E-05,Faber / BBG
2014-04-30,Benchmark EAFE Indexes,0.013306322,Faber / BBG
2014-05-30,Benchmark EAFE Indexes,0.016574759,Faber / BBG
2014-06-30,Benchmark EAFE Indexes,0.012031091,Faber / BBG
2014-07-31,Benchmark EAFE Indexes,-0.018136799,Faber / BBG
2014-08-29,Benchmark EAFE Indexes,0.014828249,Faber / BBG
2014-09-30,Benchmark EAFE Indexes,-0.035644904,Faber / BBG
2014-10-31,Benchmark EAFE Indexes,0.013343384,Faber / BBG
2014-11-28,Benchmark EAFE Indexes,-0.002265601,Faber / BBG
2014-12-31,Benchmark EAFE Indexes,-0.025236753,Faber / BBG
2015-01-30,Benchmark EAFE Indexes,-0.001977534,Faber / BBG
2015-02-27,Benchmark EAFE Indexes,0.025558296,Faber / BBG
2015-03-31,Benchmark EAFE Indexes,-0.015665531,Faber / BBG
2015-04-30,Benchmark EAFE Indexes,0.020118305,Faber / BBG
2015-05-29,Benchmark EAFE Indexes,-0.002910008,Faber / BBG
2015-06-30,Benchmark EAFE Indexes,-0.020792996,Faber / BBG
2015-07-31,Benchmark EAFE Indexes,-0.0083399,Faber / BBG
2015-08-31,Benchmark EAFE Indexes,-0.038807427,Faber / BBG
2015-09-30,Benchmark EAFE Indexes,-0.02054231,Faber / BBG
2015-10-30,Benchmark EAFE Indexes,0.044252623,Faber / BBG
2015-11-30,Benchmark EAFE Indexes,-0.018530372,Faber / BBG
2015-12-31,Benchmark EAFE Indexes,-0.017669595,Faber / BBG
2016-01-29,Benchmark EAFE Indexes,-0.036259254,Faber / BBG
2016-02-29,Benchmark EAFE Indexes,-0.005900173,Faber / BBG
2016-03-31,Benchmark EAFE Indexes,0.055639155,Faber / BBG
2016-04-29,Benchmark EAFE Indexes,0.0223244,Faber / BBG
2016-05-31,Benchmark EAFE Indexes,0.01098337,Faber / BBG
2016-06-30,Benchmark EAFE Indexes,0.013043337,Faber / BBG
2016-07-29,Benchmark EAFE Indexes,0.005229825,Faber / BBG
2016-08-31,Benchmark EAFE Indexes,-0.005014404,Faber / BBG
2016-09-30,Benchmark EAFE Indexes,0.007647823,Faber / BBG
2016-10-31,Benchmark EAFE Indexes,-0.022966581,Faber / BBG
2016-11-30,Benchmark EAFE Indexes,-0.002546369,Faber / BBG
2016-12-30,Benchmark EAFE Indexes,0.028555176,Faber / BBG
2017-01-31,Benchmark EAFE Indexes,0.007712836,Faber / BBG
2017-02-28,Benchmark EAFE Indexes,0.020824429,Faber / BBG
2017-03-31,Benchmark EAFE Indexes,-0.004279304,Faber / BBG
2017-04-28,Benchmark EAFE Indexes,0.006749769,Faber / BBG
2017-05-31,Benchmark EAFE Indexes,0.009095305,Faber / BBG
2017-06-30,Benchmark EAFE Indexes,0.000455698,Faber / BBG
2017-07-31,Benchmark EAFE Indexes,0.021821024,Faber / BBG
2017-08-31,Benchmark EAFE Indexes,0.002920666,Faber / BBG
2017-09-29,Benchmark EAFE Indexes,0.012019445,Faber / BBG
2017-10-31,Benchmark EAFE Indexes,0.014622309,Faber / BBG
2017-11-30,Benchmark EAFE Indexes,0.015690202,Faber / BBG
2017-12-29,Benchmark EAFE Indexes,0.01393951,Faber / BBG
2018-01-31,Benchmark EAFE Indexes,0.018287095,Faber / BBG
2018-02-28,Benchmark EAFE Indexes,-0.038426127,Faber / BBG
2018-03-30,Benchmark EAFE Indexes,0.004691968,Faber / BBG
2018-04-30,Benchmark EAFE Indexes,0.014645371,Faber / BBG
2018-05-31,Benchmark EAFE Indexes,0.012053366,Faber / BBG
2018-06-29,Benchmark EAFE Indexes,0.00949731,Faber / BBG
2018-07-31,Benchmark EAFE Indexes,0.005261234,Faber / BBG
2018-08-31,Benchmark EAFE Indexes,0.012345331,Faber / BBG
2018-09-28,Benchmark EAFE Indexes,0.004232233,Faber / BBG
2018-10-31,Benchmark EAFE Indexes,-0.047499609,Faber / BBG
2018-11-30,Benchmark EAFE Indexes,-0.008492092,Faber / BBG
2018-12-31,Benchmark EAFE Indexes,-0.054542816,Faber / BBG
2019-01-31,Benchmark EAFE Indexes,0.071335827,Faber / BBG
2019-02-28,Benchmark EAFE Indexes,0.019640899,Faber / BBG
2019-03-29,Benchmark EAFE Indexes,0.021175741,Faber / BBG
2019-04-30,Benchmark EAFE Indexes,0.01904611,Faber / BBG
2019-05-31,Benchmark EAFE Indexes,-0.034999071,Faber / BBG
2019-06-28,Benchmark EAFE Indexes,0.040375882,Faber / BBG
2019-07-31,Benchmark EAFE Indexes,0.00300357,Faber / BBG
2019-08-30,Benchmark EAFE Indexes,-0.006213154,Faber / BBG
2019-09-30,Benchmark EAFE Indexes,0.015679406,Faber / BBG
2019-10-31,Benchmark EAFE Indexes,0.016903679,Faber / BBG
2019-11-29,Benchmark EAFE Indexes,0.005820626,Faber / BBG
2019-12-31,Benchmark EAFE Indexes,0.026943855,Faber / BBG
2020-01-31,Benchmark EAFE Indexes,-0.017790019,Faber / BBG
2020-02-28,Benchmark EAFE Indexes,-0.05908043,Faber / BBG
2020-03-31,Benchmark EAFE Indexes,-0.137748451,Faber / BBG
2020-04-30,Benchmark EAFE Indexes,0.042988495,Faber / BBG
2020-05-29,Benchmark EAFE Indexes,0.043586154,Faber / BBG
2020-06-30,Benchmark EAFE Indexes,0.023672121,Faber / BBG
2020-07-31,Benchmark EAFE Indexes,0.031544093,Faber / BBG
2020-08-31,Benchmark EAFE Indexes,0.032037373,Faber / BBG
2020-09-30,Benchmark EAFE Indexes,-0.023795318,Faber / BBG
2020-10-30,Benchmark EAFE Indexes,-0.02762454,Faber / BBG
2020-11-30,Benchmark EAFE Indexes,0.091686655,Faber / BBG
2020-12-31,Benchmark EAFE Indexes,0.032341616,Faber / BBG
2021-01-29,Benchmark EAFE Indexes,0.003880631,Faber / BBG
2021-02-26,Benchmark EAFE Indexes,0.034034963,Faber / BBG
2021-03-31,Benchmark EAFE Indexes,0.015862535,Faber / BBG
2021-04-30,Benchmark EAFE Indexes,0.052258085,Faber / BBG
2021-05-31,Benchmark EAFE Indexes,0.01599068,Faber / BBG
2021-06-30,Benchmark EAFE Indexes,0.018394127,Faber / BBG
2021-07-30,Benchmark EAFE Indexes,0.021089289,Faber / BBG
2021-08-31,Benchmark EAFE Indexes,0.008138191,Faber / BBG
2021-09-30,Benchmark EAFE Indexes,-0.016485578,Faber / BBG
2021-10-29,Benchmark EAFE Indexes,0.045620963,Faber / BBG
2021-11-30,Benchmark EAFE Indexes,-0.037305846,Faber / BBG
2021-12-31,Benchmark EAFE Indexes,0.05528434,Faber / BBG
2022-01-31,Benchmark EAFE Indexes,-0.016117716,Faber / BBG
2022-02-28,Benchmark EAFE Indexes,0.002499654,Faber / BBG
2022-03-31,Benchmark EAFE Indexes,0.036926214,Faber / BBG
2022-04-29,Benchmark EAFE Indexes,-0.027957412,Faber / BBG
2022-05-31,Benchmark EAFE Indexes,0.009257136,Faber / BBG
2022-06-30,Benchmark EAFE Indexes,-0.067384025,Faber / BBG
2022-07-29,Benchmark EAFE Indexes,0.044298272,Faber / BBG
2022-08-31,Benchmark EAFE Indexes,-0.040071658,Faber / BBG
2022-09-30,Benchmark EAFE Indexes,-0.085357773,Faber / BBG
2022-10-31,Benchmark EAFE Indexes,0.04670894,Faber / BBG
2022-11-30,Benchmark EAFE Indexes,0.040547431,Faber / BBG
2022-12-30,Benchmark EAFE Indexes,-0.024443997,Faber / BBG
2023-01-31,Benchmark EAFE Indexes,0.054617518,Faber / BBG
